chr	start	end	gene	samples.marked.as.ASE	samples.available.for.ASE
chr5	95053336	95132071	RHOBTB3	2.000000	5
chr5	95220801	95297775	ELL2	2.000000	3
chr5	95726039	95768985	PCSK1	1.000000	1
chr5	95997740	96115299	CAST	2.000000	4
chr5	96211643	96255406	ERAP2	2.000000	2
