chr	start	end	gene	sample1	sample2	sample3	sample4	sample5	sample6	sample7
chr5	95053336	95132071	RHOBTB3	0.000000	1.000000	0.000000	-1.000000	-1.000000	0.666667	0.333333
chr5	95220801	95297775	ELL2	-1.000000	0.666667	0.333333	-1.000000	-1.000000	0.666667	-1.000000
chr5	95726039	95768985	PCSK1	-1.000000	-1.000000	1.000000	-1.000000	-1.000000	-1.000000	-1.000000
chr5	95997740	96115299	CAST	-1.000000	0.000000	-1.000000	1.000000	1.000000	0.333333	-1.000000
chr5	96211643	96255406	ERAP2	-1.000000	1.000000	-1.000000	1.000000	-1.000000	-1.000000	-1.000000
